Year,Region,School,Family,Students
2013,강남구,초등학교,국제결혼가정 자녀,98
2013,강남구,초등학교,외국인가정 자녀,10
2013,강남구,중학교,국제결혼가정 자녀,36
2013,강남구,중학교,외국인가정 자녀,2
2013,강남구,고등학교,국제결혼가정 자녀,24
2013,강남구,고등학교,외국인가정 자녀,7
2014,강남구,초등학교,국제결혼가정 자녀,130
2014,강남구,초등학교,외국인가정 자녀,17
2014,강남구,중학교,국제결혼가정 자녀,35
2014,강남구,중학교,외국인가정 자녀,1
2014,강남구,고등학교,국제결혼가정 자녀,32
2014,강남구,고등학교,외국인가정 자녀,8
2015,강남구,초등학교,국제결혼가정 자녀,163
2015,강남구,초등학교,외국인가정 자녀,18
2015,강남구,중학교,국제결혼가정 자녀,44
2015,강남구,중학교,외국인가정 자녀,2
2015,강남구,고등학교,국제결혼가정 자녀,26
2015,강남구,고등학교,외국인가정 자녀,1
2016,강남구,초등학교,국제결혼가정 자녀,197
2016,강남구,초등학교,외국인가정 자녀,39
2016,강남구,중학교,국제결혼가정 자녀,42
2016,강남구,중학교,외국인가정 자녀,7
2016,강남구,고등학교,국제결혼가정 자녀,32
2016,강남구,고등학교,외국인가정 자녀,2
2017,강남구,초등학교,국제결혼가정 자녀,212
2017,강남구,초등학교,외국인가정 자녀,9
2017,강남구,중학교,국제결혼가정 자녀,49
2017,강남구,중학교,외국인가정 자녀,2
2017,강남구,고등학교,국제결혼가정 자녀,35
2017,강남구,고등학교,외국인가정 자녀,1
2018,강남구,초등학교,국제결혼가정 자녀,188
2018,강남구,초등학교,외국인가정 자녀,14
2018,강남구,중학교,국제결혼가정 자녀,45
2018,강남구,중학교,외국인가정 자녀,4
2018,강남구,고등학교,국제결혼가정 자녀,41
2018,강남구,고등학교,외국인가정 자녀,3
2019,강남구,초등학교,국제결혼가정 자녀,188
2019,강남구,초등학교,외국인가정 자녀,15
2019,강남구,중학교,국제결혼가정 자녀,61
2019,강남구,중학교,외국인가정 자녀,3
2019,강남구,고등학교,국제결혼가정 자녀,37
2019,강남구,고등학교,외국인가정 자녀,5
2020,강남구,초등학교,국제결혼가정 자녀,179
2020,강남구,초등학교,외국인가정 자녀,13
2020,강남구,중학교,국제결혼가정 자녀,61
2020,강남구,중학교,외국인가정 자녀,5
2020,강남구,고등학교,국제결혼가정 자녀,38
2020,강남구,고등학교,외국인가정 자녀,3
2021,강남구,초등학교,국제결혼가정 자녀,186
2021,강남구,초등학교,외국인가정 자녀,20
2021,강남구,중학교,국제결혼가정 자녀,55
2021,강남구,중학교,외국인가정 자녀,6
2021,강남구,고등학교,국제결혼가정 자녀,51
2021,강남구,고등학교,외국인가정 자녀,3
2022,강남구,초등학교,국제결혼가정 자녀,157
2022,강남구,초등학교,외국인가정 자녀,17
2022,강남구,중학교,국제결혼가정 자녀,69
2022,강남구,중학교,외국인가정 자녀,8
2022,강남구,고등학교,국제결혼가정 자녀,53
2022,강남구,고등학교,외국인가정 자녀,2
2023,강남구,초등학교,국제결혼가정 자녀,174
2023,강남구,초등학교,외국인가정 자녀,11
2023,강남구,중학교,국제결혼가정 자녀,81
2023,강남구,중학교,외국인가정 자녀,7
2023,강남구,고등학교,국제결혼가정 자녀,54
2023,강남구,고등학교,외국인가정 자녀,2
2013,강동구,초등학교,국제결혼가정 자녀,258
2013,강동구,초등학교,외국인가정 자녀,35
2013,강동구,중학교,국제결혼가정 자녀,57
2013,강동구,중학교,외국인가정 자녀,2
2013,강동구,고등학교,국제결혼가정 자녀,43
2013,강동구,고등학교,외국인가정 자녀,4
2014,강동구,초등학교,국제결혼가정 자녀,274
2014,강동구,초등학교,외국인가정 자녀,17
2014,강동구,중학교,국제결혼가정 자녀,69
2014,강동구,중학교,외국인가정 자녀,1
2014,강동구,고등학교,국제결혼가정 자녀,45
2015,강동구,초등학교,국제결혼가정 자녀,265
2015,강동구,초등학교,외국인가정 자녀,46
2015,강동구,중학교,국제결혼가정 자녀,69
2015,강동구,중학교,외국인가정 자녀,1
2015,강동구,고등학교,국제결혼가정 자녀,40
2015,강동구,고등학교,외국인가정 자녀,1
2016,강동구,초등학교,국제결혼가정 자녀,291
2016,강동구,초등학교,외국인가정 자녀,49
2016,강동구,중학교,국제결혼가정 자녀,71
2016,강동구,중학교,외국인가정 자녀,7
2016,강동구,고등학교,국제결혼가정 자녀,44
2016,강동구,고등학교,외국인가정 자녀,8
2017,강동구,초등학교,국제결혼가정 자녀,298
2017,강동구,초등학교,외국인가정 자녀,38
2017,강동구,중학교,국제결혼가정 자녀,62
2017,강동구,중학교,외국인가정 자녀,3
2017,강동구,고등학교,국제결혼가정 자녀,46
2017,강동구,고등학교,외국인가정 자녀,2
2018,강동구,초등학교,국제결혼가정 자녀,343
2018,강동구,초등학교,외국인가정 자녀,44
2018,강동구,중학교,국제결혼가정 자녀,73
2018,강동구,중학교,외국인가정 자녀,4
2018,강동구,고등학교,국제결혼가정 자녀,51
2018,강동구,고등학교,외국인가정 자녀,3
2019,강동구,초등학교,국제결혼가정 자녀,387
2019,강동구,초등학교,외국인가정 자녀,44
2019,강동구,중학교,국제결혼가정 자녀,88
2019,강동구,중학교,외국인가정 자녀,7
2019,강동구,고등학교,국제결혼가정 자녀,44
2019,강동구,고등학교,외국인가정 자녀,6
2020,강동구,초등학교,국제결혼가정 자녀,397
2020,강동구,초등학교,외국인가정 자녀,55
2020,강동구,중학교,국제결혼가정 자녀,81
2020,강동구,중학교,외국인가정 자녀,8
2020,강동구,고등학교,국제결혼가정 자녀,54
2020,강동구,고등학교,외국인가정 자녀,4
2021,강동구,초등학교,국제결혼가정 자녀,427
2021,강동구,초등학교,외국인가정 자녀,57
2021,강동구,중학교,국제결혼가정 자녀,117
2021,강동구,중학교,외국인가정 자녀,18
2021,강동구,고등학교,국제결혼가정 자녀,42
2021,강동구,고등학교,외국인가정 자녀,1
2022,강동구,초등학교,국제결혼가정 자녀,405
2022,강동구,초등학교,외국인가정 자녀,90
2022,강동구,중학교,국제결혼가정 자녀,116
2022,강동구,중학교,외국인가정 자녀,16
2022,강동구,고등학교,국제결혼가정 자녀,29
2022,강동구,고등학교,외국인가정 자녀,7
2023,강동구,초등학교,국제결혼가정 자녀,431
2023,강동구,초등학교,외국인가정 자녀,95
2023,강동구,중학교,국제결혼가정 자녀,118
2023,강동구,중학교,외국인가정 자녀,41
2023,강동구,고등학교,국제결혼가정 자녀,43
2023,강동구,고등학교,외국인가정 자녀,6
2013,강북구,초등학교,국제결혼가정 자녀,127
2013,강북구,초등학교,외국인가정 자녀,26
2013,강북구,중학교,국제결혼가정 자녀,50
2013,강북구,중학교,외국인가정 자녀,5
2013,강북구,고등학교,국제결혼가정 자녀,17
2013,강북구,고등학교,외국인가정 자녀,2
2014,강북구,초등학교,국제결혼가정 자녀,175
2014,강북구,초등학교,외국인가정 자녀,6
2014,강북구,중학교,국제결혼가정 자녀,59
2014,강북구,중학교,외국인가정 자녀,3
2014,강북구,고등학교,국제결혼가정 자녀,20
2014,강북구,고등학교,외국인가정 자녀,1
2015,강북구,초등학교,국제결혼가정 자녀,216
2015,강북구,초등학교,외국인가정 자녀,14
2015,강북구,중학교,국제결혼가정 자녀,57
2015,강북구,중학교,외국인가정 자녀,3
2015,강북구,고등학교,국제결혼가정 자녀,26
2015,강북구,고등학교,외국인가정 자녀,6
2016,강북구,초등학교,국제결혼가정 자녀,260
2016,강북구,초등학교,외국인가정 자녀,38
2016,강북구,중학교,국제결혼가정 자녀,51
2016,강북구,중학교,외국인가정 자녀,17
2016,강북구,고등학교,국제결혼가정 자녀,31
2016,강북구,고등학교,외국인가정 자녀,6
2017,강북구,초등학교,국제결혼가정 자녀,271
2017,강북구,초등학교,외국인가정 자녀,11
2017,강북구,중학교,국제결혼가정 자녀,59
2017,강북구,중학교,외국인가정 자녀,5
2017,강북구,고등학교,국제결혼가정 자녀,44
2017,강북구,고등학교,외국인가정 자녀,7
2018,강북구,초등학교,국제결혼가정 자녀,318
2018,강북구,초등학교,외국인가정 자녀,17
2018,강북구,중학교,국제결혼가정 자녀,67
2018,강북구,중학교,외국인가정 자녀,7
2018,강북구,고등학교,국제결혼가정 자녀,41
2018,강북구,고등학교,외국인가정 자녀,6
2019,강북구,초등학교,국제결혼가정 자녀,344
2019,강북구,초등학교,외국인가정 자녀,26
2019,강북구,중학교,국제결혼가정 자녀,70
2019,강북구,중학교,외국인가정 자녀,6
2019,강북구,고등학교,국제결혼가정 자녀,54
2019,강북구,고등학교,외국인가정 자녀,3
2020,강북구,초등학교,국제결혼가정 자녀,335
2020,강북구,초등학교,외국인가정 자녀,40
2020,강북구,중학교,국제결혼가정 자녀,76
2020,강북구,중학교,외국인가정 자녀,8
2020,강북구,고등학교,국제결혼가정 자녀,46
2020,강북구,고등학교,외국인가정 자녀,11
2021,강북구,초등학교,국제결혼가정 자녀,369
2021,강북구,초등학교,외국인가정 자녀,39
2021,강북구,중학교,국제결혼가정 자녀,89
2021,강북구,중학교,외국인가정 자녀,8
2021,강북구,고등학교,국제결혼가정 자녀,61
2021,강북구,고등학교,외국인가정 자녀,7
2022,강북구,초등학교,국제결혼가정 자녀,345
2022,강북구,초등학교,외국인가정 자녀,38
2022,강북구,중학교,국제결혼가정 자녀,124
2022,강북구,중학교,외국인가정 자녀,10
2022,강북구,고등학교,국제결혼가정 자녀,72
2022,강북구,고등학교,외국인가정 자녀,1
2023,강북구,초등학교,국제결혼가정 자녀,344
2023,강북구,초등학교,외국인가정 자녀,57
2023,강북구,중학교,국제결혼가정 자녀,123
2023,강북구,중학교,외국인가정 자녀,25
2023,강북구,고등학교,국제결혼가정 자녀,71
2023,강북구,고등학교,외국인가정 자녀,5
2013,강서구,초등학교,국제결혼가정 자녀,297
2013,강서구,초등학교,외국인가정 자녀,23
2013,강서구,중학교,국제결혼가정 자녀,63
2013,강서구,중학교,외국인가정 자녀,7
2013,강서구,고등학교,국제결혼가정 자녀,34
2013,강서구,고등학교,외국인가정 자녀,10
2014,강서구,초등학교,국제결혼가정 자녀,340
2014,강서구,초등학교,외국인가정 자녀,11
2014,강서구,중학교,국제결혼가정 자녀,77
2014,강서구,중학교,외국인가정 자녀,3
2014,강서구,고등학교,국제결혼가정 자녀,56
2014,강서구,고등학교,외국인가정 자녀,7
2015,강서구,초등학교,국제결혼가정 자녀,424
2015,강서구,초등학교,외국인가정 자녀,39
2015,강서구,중학교,국제결혼가정 자녀,68
2015,강서구,중학교,외국인가정 자녀,6
2015,강서구,고등학교,국제결혼가정 자녀,59
2015,강서구,고등학교,외국인가정 자녀,6
2016,강서구,초등학교,국제결혼가정 자녀,503
2016,강서구,초등학교,외국인가정 자녀,81
2016,강서구,중학교,국제결혼가정 자녀,70
2016,강서구,중학교,외국인가정 자녀,4
2016,강서구,고등학교,국제결혼가정 자녀,91
2016,강서구,고등학교,외국인가정 자녀,26
2017,강서구,초등학교,국제결혼가정 자녀,521
2017,강서구,초등학교,외국인가정 자녀,44
2017,강서구,중학교,국제결혼가정 자녀,66
2017,강서구,중학교,외국인가정 자녀,3
2017,강서구,고등학교,국제결혼가정 자녀,123
2017,강서구,고등학교,외국인가정 자녀,18
2018,강서구,초등학교,국제결혼가정 자녀,551
2018,강서구,초등학교,외국인가정 자녀,56
2018,강서구,중학교,국제결혼가정 자녀,73
2018,강서구,중학교,외국인가정 자녀,7
2018,강서구,고등학교,국제결혼가정 자녀,107
2018,강서구,고등학교,외국인가정 자녀,14
2019,강서구,초등학교,국제결혼가정 자녀,595
2019,강서구,초등학교,외국인가정 자녀,72
2019,강서구,중학교,국제결혼가정 자녀,93
2019,강서구,중학교,외국인가정 자녀,12
2019,강서구,고등학교,국제결혼가정 자녀,75
2019,강서구,고등학교,외국인가정 자녀,18
2020,강서구,초등학교,국제결혼가정 자녀,612
2020,강서구,초등학교,외국인가정 자녀,100
2020,강서구,중학교,국제결혼가정 자녀,116
2020,강서구,중학교,외국인가정 자녀,12
2020,강서구,고등학교,국제결혼가정 자녀,87
2020,강서구,고등학교,외국인가정 자녀,20
2021,강서구,초등학교,국제결혼가정 자녀,591
2021,강서구,초등학교,외국인가정 자녀,91
2021,강서구,중학교,국제결혼가정 자녀,144
2021,강서구,중학교,외국인가정 자녀,11
2021,강서구,고등학교,국제결혼가정 자녀,89
2021,강서구,고등학교,외국인가정 자녀,12
2022,강서구,초등학교,국제결혼가정 자녀,577
2022,강서구,초등학교,외국인가정 자녀,87
2022,강서구,중학교,국제결혼가정 자녀,157
2022,강서구,중학교,외국인가정 자녀,16
2022,강서구,고등학교,국제결혼가정 자녀,95
2022,강서구,고등학교,외국인가정 자녀,30
2023,강서구,초등학교,국제결혼가정 자녀,544
2023,강서구,초등학교,외국인가정 자녀,76
2023,강서구,중학교,국제결혼가정 자녀,180
2023,강서구,중학교,외국인가정 자녀,22
2023,강서구,고등학교,국제결혼가정 자녀,111
2023,강서구,고등학교,외국인가정 자녀,25
2013,관악구,초등학교,국제결혼가정 자녀,242
2013,관악구,초등학교,외국인가정 자녀,68
2013,관악구,중학교,국제결혼가정 자녀,57
2013,관악구,중학교,외국인가정 자녀,21
2013,관악구,고등학교,국제결혼가정 자녀,26
2013,관악구,고등학교,외국인가정 자녀,17
2014,관악구,초등학교,국제결혼가정 자녀,270
2014,관악구,초등학교,외국인가정 자녀,91
2014,관악구,중학교,국제결혼가정 자녀,65
2014,관악구,중학교,외국인가정 자녀,12
2014,관악구,고등학교,국제결혼가정 자녀,33
2014,관악구,고등학교,외국인가정 자녀,18
2015,관악구,초등학교,국제결혼가정 자녀,309
2015,관악구,초등학교,외국인가정 자녀,156
2015,관악구,중학교,국제결혼가정 자녀,67
2015,관악구,중학교,외국인가정 자녀,12
2015,관악구,고등학교,국제결혼가정 자녀,44
2015,관악구,고등학교,외국인가정 자녀,13
2016,관악구,초등학교,국제결혼가정 자녀,347
2016,관악구,초등학교,외국인가정 자녀,203
2016,관악구,중학교,국제결혼가정 자녀,55
2016,관악구,중학교,외국인가정 자녀,18
2016,관악구,고등학교,국제결혼가정 자녀,48
2016,관악구,고등학교,외국인가정 자녀,27
2017,관악구,초등학교,국제결혼가정 자녀,396
2017,관악구,초등학교,외국인가정 자녀,238
2017,관악구,중학교,국제결혼가정 자녀,88
2017,관악구,중학교,외국인가정 자녀,29
2017,관악구,고등학교,국제결혼가정 자녀,70
2017,관악구,고등학교,외국인가정 자녀,11
2018,관악구,초등학교,국제결혼가정 자녀,440
2018,관악구,초등학교,외국인가정 자녀,229
2018,관악구,중학교,국제결혼가정 자녀,105
2018,관악구,중학교,외국인가정 자녀,61
2018,관악구,고등학교,국제결혼가정 자녀,38
2018,관악구,고등학교,외국인가정 자녀,26
2019,관악구,초등학교,국제결혼가정 자녀,509
2019,관악구,초등학교,외국인가정 자녀,257
2019,관악구,중학교,국제결혼가정 자녀,97
2019,관악구,중학교,외국인가정 자녀,46
2019,관악구,고등학교,국제결혼가정 자녀,51
2019,관악구,고등학교,외국인가정 자녀,17
2020,관악구,초등학교,국제결혼가정 자녀,459
2020,관악구,초등학교,외국인가정 자녀,233
2020,관악구,중학교,국제결혼가정 자녀,129
2020,관악구,중학교,외국인가정 자녀,46
2020,관악구,고등학교,국제결혼가정 자녀,65
2020,관악구,고등학교,외국인가정 자녀,44
2021,관악구,초등학교,국제결혼가정 자녀,436
2021,관악구,초등학교,외국인가정 자녀,246
2021,관악구,중학교,국제결혼가정 자녀,171
2021,관악구,중학교,외국인가정 자녀,68
2021,관악구,고등학교,국제결혼가정 자녀,73
2021,관악구,고등학교,외국인가정 자녀,85
2022,관악구,초등학교,국제결혼가정 자녀,420
2022,관악구,초등학교,외국인가정 자녀,198
2022,관악구,중학교,국제결혼가정 자녀,182
2022,관악구,중학교,외국인가정 자녀,88
2022,관악구,고등학교,국제결혼가정 자녀,90
2022,관악구,고등학교,외국인가정 자녀,89
2023,관악구,초등학교,국제결혼가정 자녀,389
2023,관악구,초등학교,외국인가정 자녀,260
2023,관악구,중학교,국제결혼가정 자녀,167
2023,관악구,중학교,외국인가정 자녀,86
2023,관악구,고등학교,국제결혼가정 자녀,117
2023,관악구,고등학교,외국인가정 자녀,93
2013,광진구,초등학교,국제결혼가정 자녀,186
2013,광진구,초등학교,외국인가정 자녀,15
2013,광진구,중학교,국제결혼가정 자녀,88
2013,광진구,중학교,외국인가정 자녀,48
2013,광진구,고등학교,국제결혼가정 자녀,40
2013,광진구,고등학교,외국인가정 자녀,19
2014,광진구,초등학교,국제결혼가정 자녀,215
2014,광진구,초등학교,외국인가정 자녀,30
2014,광진구,중학교,국제결혼가정 자녀,90
2014,광진구,중학교,외국인가정 자녀,25
2014,광진구,고등학교,국제결혼가정 자녀,35
2014,광진구,고등학교,외국인가정 자녀,22
2015,광진구,초등학교,국제결혼가정 자녀,213
2015,광진구,초등학교,외국인가정 자녀,54
2015,광진구,중학교,국제결혼가정 자녀,97
2015,광진구,중학교,외국인가정 자녀,19
2015,광진구,고등학교,국제결혼가정 자녀,46
2015,광진구,고등학교,외국인가정 자녀,16
2016,광진구,초등학교,국제결혼가정 자녀,254
2016,광진구,초등학교,외국인가정 자녀,55
2016,광진구,중학교,국제결혼가정 자녀,80
2016,광진구,중학교,외국인가정 자녀,16
2016,광진구,고등학교,국제결혼가정 자녀,50
2016,광진구,고등학교,외국인가정 자녀,35
2017,광진구,초등학교,국제결혼가정 자녀,268
2017,광진구,초등학교,외국인가정 자녀,109
2017,광진구,중학교,국제결혼가정 자녀,76
2017,광진구,중학교,외국인가정 자녀,26
2017,광진구,고등학교,국제결혼가정 자녀,46
2017,광진구,고등학교,외국인가정 자녀,20
2018,광진구,초등학교,국제결혼가정 자녀,274
2018,광진구,초등학교,외국인가정 자녀,107
2018,광진구,중학교,국제결혼가정 자녀,92
2018,광진구,중학교,외국인가정 자녀,32
2018,광진구,고등학교,국제결혼가정 자녀,30
2018,광진구,고등학교,외국인가정 자녀,11
2019,광진구,초등학교,국제결혼가정 자녀,291
2019,광진구,초등학교,외국인가정 자녀,153
2019,광진구,중학교,국제결혼가정 자녀,100
2019,광진구,중학교,외국인가정 자녀,35
2019,광진구,고등학교,국제결혼가정 자녀,42
2019,광진구,고등학교,외국인가정 자녀,7
2020,광진구,초등학교,국제결혼가정 자녀,306
2020,광진구,초등학교,외국인가정 자녀,155
2020,광진구,중학교,국제결혼가정 자녀,83
2020,광진구,중학교,외국인가정 자녀,32
2020,광진구,고등학교,국제결혼가정 자녀,54
2020,광진구,고등학교,외국인가정 자녀,9
2021,광진구,초등학교,국제결혼가정 자녀,295
2021,광진구,초등학교,외국인가정 자녀,208
2021,광진구,중학교,국제결혼가정 자녀,92
2021,광진구,중학교,외국인가정 자녀,40
2021,광진구,고등학교,국제결혼가정 자녀,51
2021,광진구,고등학교,외국인가정 자녀,18
2022,광진구,초등학교,국제결혼가정 자녀,306
2022,광진구,초등학교,외국인가정 자녀,199
2022,광진구,중학교,국제결혼가정 자녀,78
2022,광진구,중학교,외국인가정 자녀,62
2022,광진구,고등학교,국제결혼가정 자녀,49
2022,광진구,고등학교,외국인가정 자녀,16
2023,광진구,초등학교,국제결혼가정 자녀,315
2023,광진구,초등학교,외국인가정 자녀,227
2023,광진구,중학교,국제결혼가정 자녀,117
2023,광진구,중학교,외국인가정 자녀,74
2023,광진구,고등학교,국제결혼가정 자녀,68
2023,광진구,고등학교,외국인가정 자녀,20
2013,구로구,초등학교,국제결혼가정 자녀,440
2013,구로구,초등학교,외국인가정 자녀,124
2013,구로구,중학교,국제결혼가정 자녀,81
2013,구로구,중학교,외국인가정 자녀,13
2013,구로구,고등학교,국제결혼가정 자녀,22
2013,구로구,고등학교,외국인가정 자녀,5
2014,구로구,초등학교,국제결혼가정 자녀,432
2014,구로구,초등학교,외국인가정 자녀,175
2014,구로구,중학교,국제결혼가정 자녀,100
2014,구로구,중학교,외국인가정 자녀,31
2014,구로구,고등학교,국제결혼가정 자녀,35
2014,구로구,고등학교,외국인가정 자녀,2
2015,구로구,초등학교,국제결혼가정 자녀,490
2015,구로구,초등학교,외국인가정 자녀,363
2015,구로구,중학교,국제결혼가정 자녀,105
2015,구로구,중학교,외국인가정 자녀,55
2015,구로구,고등학교,국제결혼가정 자녀,40
2015,구로구,고등학교,외국인가정 자녀,8
2016,구로구,초등학교,국제결혼가정 자녀,578
2016,구로구,초등학교,외국인가정 자녀,464
2016,구로구,중학교,국제결혼가정 자녀,99
2016,구로구,중학교,외국인가정 자녀,82
2016,구로구,고등학교,국제결혼가정 자녀,52
2016,구로구,고등학교,외국인가정 자녀,25
2017,구로구,초등학교,국제결혼가정 자녀,708
2017,구로구,초등학교,외국인가정 자녀,473
2017,구로구,중학교,국제결혼가정 자녀,142
2017,구로구,중학교,외국인가정 자녀,86
2017,구로구,고등학교,국제결혼가정 자녀,63
2017,구로구,고등학교,외국인가정 자녀,30
2018,구로구,초등학교,국제결혼가정 자녀,762
2018,구로구,초등학교,외국인가정 자녀,533
2018,구로구,중학교,국제결혼가정 자녀,156
2018,구로구,중학교,외국인가정 자녀,113
2018,구로구,고등학교,국제결혼가정 자녀,61
2018,구로구,고등학교,외국인가정 자녀,36
2019,구로구,초등학교,국제결혼가정 자녀,734
2019,구로구,초등학교,외국인가정 자녀,729
2019,구로구,중학교,국제결혼가정 자녀,146
2019,구로구,중학교,외국인가정 자녀,182
2019,구로구,고등학교,국제결혼가정 자녀,76
2019,구로구,고등학교,외국인가정 자녀,65
2020,구로구,초등학교,국제결혼가정 자녀,707
2020,구로구,초등학교,외국인가정 자녀,741
2020,구로구,중학교,국제결혼가정 자녀,157
2020,구로구,중학교,외국인가정 자녀,227
2020,구로구,고등학교,국제결혼가정 자녀,91
2020,구로구,고등학교,외국인가정 자녀,85
2021,구로구,초등학교,국제결혼가정 자녀,677
2021,구로구,초등학교,외국인가정 자녀,800
2021,구로구,중학교,국제결혼가정 자녀,210
2021,구로구,중학교,외국인가정 자녀,293
2021,구로구,고등학교,국제결혼가정 자녀,132
2021,구로구,고등학교,외국인가정 자녀,96
2022,구로구,초등학교,국제결혼가정 자녀,645
2022,구로구,초등학교,외국인가정 자녀,795
2022,구로구,중학교,국제결혼가정 자녀,251
2022,구로구,중학교,외국인가정 자녀,319
2022,구로구,고등학교,국제결혼가정 자녀,158
2022,구로구,고등학교,외국인가정 자녀,95
2023,구로구,초등학교,국제결혼가정 자녀,747
2023,구로구,초등학교,외국인가정 자녀,788
2023,구로구,중학교,국제결혼가정 자녀,250
2023,구로구,중학교,외국인가정 자녀,293
2023,구로구,고등학교,국제결혼가정 자녀,164
2023,구로구,고등학교,외국인가정 자녀,105
2013,금천구,초등학교,국제결혼가정 자녀,264
2013,금천구,초등학교,외국인가정 자녀,67
2013,금천구,중학교,국제결혼가정 자녀,48
2013,금천구,중학교,외국인가정 자녀,14
2013,금천구,고등학교,국제결혼가정 자녀,16
2014,금천구,초등학교,국제결혼가정 자녀,266
2014,금천구,초등학교,외국인가정 자녀,120
2014,금천구,중학교,국제결혼가정 자녀,58
2014,금천구,중학교,외국인가정 자녀,17
2014,금천구,고등학교,국제결혼가정 자녀,17
2014,금천구,고등학교,외국인가정 자녀,2
2015,금천구,초등학교,국제결혼가정 자녀,309
2015,금천구,초등학교,외국인가정 자녀,167
2015,금천구,중학교,국제결혼가정 자녀,82
2015,금천구,중학교,외국인가정 자녀,10
2015,금천구,고등학교,국제결혼가정 자녀,21
2015,금천구,고등학교,외국인가정 자녀,8
2016,금천구,초등학교,국제결혼가정 자녀,344
2016,금천구,초등학교,외국인가정 자녀,242
2016,금천구,중학교,국제결혼가정 자녀,93
2016,금천구,중학교,외국인가정 자녀,11
2016,금천구,고등학교,국제결혼가정 자녀,28
2016,금천구,고등학교,외국인가정 자녀,13
2017,금천구,초등학교,국제결혼가정 자녀,374
2017,금천구,초등학교,외국인가정 자녀,324
2017,금천구,중학교,국제결혼가정 자녀,77
2017,금천구,중학교,외국인가정 자녀,29
2017,금천구,고등학교,국제결혼가정 자녀,38
2017,금천구,고등학교,외국인가정 자녀,18
2018,금천구,초등학교,국제결혼가정 자녀,398
2018,금천구,초등학교,외국인가정 자녀,415
2018,금천구,중학교,국제결혼가정 자녀,112
2018,금천구,중학교,외국인가정 자녀,45
2018,금천구,고등학교,국제결혼가정 자녀,40
2018,금천구,고등학교,외국인가정 자녀,19
2019,금천구,초등학교,국제결혼가정 자녀,412
2019,금천구,초등학교,외국인가정 자녀,482
2019,금천구,중학교,국제결혼가정 자녀,121
2019,금천구,중학교,외국인가정 자녀,60
2019,금천구,고등학교,국제결혼가정 자녀,43
2019,금천구,고등학교,외국인가정 자녀,27
2020,금천구,초등학교,국제결혼가정 자녀,379
2020,금천구,초등학교,외국인가정 자녀,519
2020,금천구,중학교,국제결혼가정 자녀,103
2020,금천구,중학교,외국인가정 자녀,96
2020,금천구,고등학교,국제결혼가정 자녀,52
2020,금천구,고등학교,외국인가정 자녀,31
2021,금천구,초등학교,국제결혼가정 자녀,403
2021,금천구,초등학교,외국인가정 자녀,569
2021,금천구,중학교,국제결혼가정 자녀,126
2021,금천구,중학교,외국인가정 자녀,102
2021,금천구,고등학교,국제결혼가정 자녀,59
2021,금천구,고등학교,외국인가정 자녀,41
2022,금천구,초등학교,국제결혼가정 자녀,406
2022,금천구,초등학교,외국인가정 자녀,542
2022,금천구,중학교,국제결혼가정 자녀,155
2022,금천구,중학교,외국인가정 자녀,115
2022,금천구,고등학교,국제결혼가정 자녀,56
2022,금천구,고등학교,외국인가정 자녀,62
2023,금천구,초등학교,국제결혼가정 자녀,434
2023,금천구,초등학교,외국인가정 자녀,529
2023,금천구,중학교,국제결혼가정 자녀,163
2023,금천구,중학교,외국인가정 자녀,131
2023,금천구,고등학교,국제결혼가정 자녀,65
2023,금천구,고등학교,외국인가정 자녀,84
2013,노원구,초등학교,국제결혼가정 자녀,232
2013,노원구,초등학교,외국인가정 자녀,14
2013,노원구,중학교,국제결혼가정 자녀,70
2013,노원구,중학교,외국인가정 자녀,3
2013,노원구,고등학교,국제결혼가정 자녀,40
2013,노원구,고등학교,외국인가정 자녀,13
2014,노원구,초등학교,국제결혼가정 자녀,264
2014,노원구,초등학교,외국인가정 자녀,12
2014,노원구,중학교,국제결혼가정 자녀,66
2014,노원구,중학교,외국인가정 자녀,3
2014,노원구,고등학교,국제결혼가정 자녀,58
2014,노원구,고등학교,외국인가정 자녀,7
2015,노원구,초등학교,국제결혼가정 자녀,312
2015,노원구,초등학교,외국인가정 자녀,16
2015,노원구,중학교,국제결혼가정 자녀,63
2015,노원구,중학교,외국인가정 자녀,5
2015,노원구,고등학교,국제결혼가정 자녀,70
2015,노원구,고등학교,외국인가정 자녀,18
2016,노원구,초등학교,국제결혼가정 자녀,333
2016,노원구,초등학교,외국인가정 자녀,37
2016,노원구,중학교,국제결혼가정 자녀,42
2016,노원구,중학교,외국인가정 자녀,4
2016,노원구,고등학교,국제결혼가정 자녀,81
2016,노원구,고등학교,외국인가정 자녀,10
2017,노원구,초등학교,국제결혼가정 자녀,377
2017,노원구,초등학교,외국인가정 자녀,12
2017,노원구,중학교,국제결혼가정 자녀,71
2017,노원구,중학교,외국인가정 자녀,6
2017,노원구,고등학교,국제결혼가정 자녀,93
2017,노원구,고등학교,외국인가정 자녀,5
2018,노원구,초등학교,국제결혼가정 자녀,402
2018,노원구,초등학교,외국인가정 자녀,21
2018,노원구,중학교,국제결혼가정 자녀,77
2018,노원구,중학교,외국인가정 자녀,5
2018,노원구,고등학교,국제결혼가정 자녀,92
2018,노원구,고등학교,외국인가정 자녀,3
2019,노원구,초등학교,국제결혼가정 자녀,425
2019,노원구,초등학교,외국인가정 자녀,31
2019,노원구,중학교,국제결혼가정 자녀,78
2019,노원구,중학교,외국인가정 자녀,8
2019,노원구,고등학교,국제결혼가정 자녀,71
2019,노원구,고등학교,외국인가정 자녀,7
2020,노원구,초등학교,국제결혼가정 자녀,398
2020,노원구,초등학교,외국인가정 자녀,32
2020,노원구,중학교,국제결혼가정 자녀,80
2020,노원구,중학교,외국인가정 자녀,17
2020,노원구,고등학교,국제결혼가정 자녀,73
2020,노원구,고등학교,외국인가정 자녀,10
2021,노원구,초등학교,국제결혼가정 자녀,382
2021,노원구,초등학교,외국인가정 자녀,31
2021,노원구,중학교,국제결혼가정 자녀,134
2021,노원구,중학교,외국인가정 자녀,14
2021,노원구,고등학교,국제결혼가정 자녀,68
2021,노원구,고등학교,외국인가정 자녀,21
2022,노원구,초등학교,국제결혼가정 자녀,382
2022,노원구,초등학교,외국인가정 자녀,34
2022,노원구,중학교,국제결혼가정 자녀,154
2022,노원구,중학교,외국인가정 자녀,11
2022,노원구,고등학교,국제결혼가정 자녀,112
2022,노원구,고등학교,외국인가정 자녀,22
2023,노원구,초등학교,국제결혼가정 자녀,350
2023,노원구,초등학교,외국인가정 자녀,42
2023,노원구,중학교,국제결혼가정 자녀,166
2023,노원구,중학교,외국인가정 자녀,11
2023,노원구,고등학교,국제결혼가정 자녀,129
2023,노원구,고등학교,외국인가정 자녀,29
2013,도봉구,초등학교,국제결혼가정 자녀,171
2013,도봉구,초등학교,외국인가정 자녀,10
2013,도봉구,중학교,국제결혼가정 자녀,28
2013,도봉구,중학교,외국인가정 자녀,4
2013,도봉구,고등학교,국제결혼가정 자녀,15
2013,도봉구,고등학교,외국인가정 자녀,5
2014,도봉구,초등학교,국제결혼가정 자녀,176
2014,도봉구,초등학교,외국인가정 자녀,10
2014,도봉구,중학교,국제결혼가정 자녀,40
2014,도봉구,중학교,외국인가정 자녀,1
2014,도봉구,고등학교,국제결혼가정 자녀,24
2014,도봉구,고등학교,외국인가정 자녀,1
2015,도봉구,초등학교,국제결혼가정 자녀,218
2015,도봉구,초등학교,외국인가정 자녀,17
2015,도봉구,중학교,국제결혼가정 자녀,47
2015,도봉구,고등학교,국제결혼가정 자녀,28
2015,도봉구,고등학교,외국인가정 자녀,7
2016,도봉구,초등학교,국제결혼가정 자녀,276
2016,도봉구,초등학교,외국인가정 자녀,21
2016,도봉구,중학교,국제결혼가정 자녀,44
2016,도봉구,중학교,외국인가정 자녀,4
2016,도봉구,고등학교,국제결혼가정 자녀,18
2016,도봉구,고등학교,외국인가정 자녀,7
2017,도봉구,초등학교,국제결혼가정 자녀,311
2017,도봉구,초등학교,외국인가정 자녀,13
2017,도봉구,중학교,국제결혼가정 자녀,51
2017,도봉구,중학교,외국인가정 자녀,6
2017,도봉구,고등학교,국제결혼가정 자녀,14
2017,도봉구,고등학교,외국인가정 자녀,6
2018,도봉구,초등학교,국제결혼가정 자녀,364
2018,도봉구,초등학교,외국인가정 자녀,25
2018,도봉구,중학교,국제결혼가정 자녀,43
2018,도봉구,중학교,외국인가정 자녀,7
2018,도봉구,고등학교,국제결혼가정 자녀,19
2018,도봉구,고등학교,외국인가정 자녀,6
2019,도봉구,초등학교,국제결혼가정 자녀,369
2019,도봉구,초등학교,외국인가정 자녀,21
2019,도봉구,중학교,국제결혼가정 자녀,64
2019,도봉구,중학교,외국인가정 자녀,2
2019,도봉구,고등학교,국제결혼가정 자녀,24
2019,도봉구,고등학교,외국인가정 자녀,9
2020,도봉구,초등학교,국제결혼가정 자녀,362
2020,도봉구,초등학교,외국인가정 자녀,22
2020,도봉구,중학교,국제결혼가정 자녀,72
2020,도봉구,중학교,외국인가정 자녀,7
2020,도봉구,고등학교,국제결혼가정 자녀,27
2020,도봉구,고등학교,외국인가정 자녀,11
2021,도봉구,초등학교,국제결혼가정 자녀,374
2021,도봉구,초등학교,외국인가정 자녀,27
2021,도봉구,중학교,국제결혼가정 자녀,86
2021,도봉구,중학교,외국인가정 자녀,14
2021,도봉구,고등학교,국제결혼가정 자녀,24
2021,도봉구,고등학교,외국인가정 자녀,12
2022,도봉구,초등학교,국제결혼가정 자녀,373
2022,도봉구,초등학교,외국인가정 자녀,27
2022,도봉구,중학교,국제결혼가정 자녀,107
2022,도봉구,중학교,외국인가정 자녀,14
2022,도봉구,고등학교,국제결혼가정 자녀,33
2022,도봉구,고등학교,외국인가정 자녀,8
2023,도봉구,초등학교,국제결혼가정 자녀,383
2023,도봉구,초등학교,외국인가정 자녀,42
2023,도봉구,중학교,국제결혼가정 자녀,108
2023,도봉구,중학교,외국인가정 자녀,15
2023,도봉구,고등학교,국제결혼가정 자녀,40
2023,도봉구,고등학교,외국인가정 자녀,8
2013,동대문구,초등학교,국제결혼가정 자녀,195
2013,동대문구,초등학교,외국인가정 자녀,41
2013,동대문구,중학교,국제결혼가정 자녀,45
2013,동대문구,중학교,외국인가정 자녀,13
2013,동대문구,고등학교,국제결혼가정 자녀,19
2013,동대문구,고등학교,외국인가정 자녀,8
2014,동대문구,초등학교,국제결혼가정 자녀,236
2014,동대문구,초등학교,외국인가정 자녀,42
2014,동대문구,중학교,국제결혼가정 자녀,54
2014,동대문구,중학교,외국인가정 자녀,9
2014,동대문구,고등학교,국제결혼가정 자녀,22
2014,동대문구,고등학교,외국인가정 자녀,3
2015,동대문구,초등학교,국제결혼가정 자녀,257
2015,동대문구,초등학교,외국인가정 자녀,62
2015,동대문구,중학교,국제결혼가정 자녀,57
2015,동대문구,중학교,외국인가정 자녀,19
2015,동대문구,고등학교,국제결혼가정 자녀,18
2015,동대문구,고등학교,외국인가정 자녀,3
2016,동대문구,초등학교,국제결혼가정 자녀,275
2016,동대문구,초등학교,외국인가정 자녀,88
2016,동대문구,중학교,국제결혼가정 자녀,75
2016,동대문구,중학교,외국인가정 자녀,32
2016,동대문구,고등학교,국제결혼가정 자녀,31
2016,동대문구,고등학교,외국인가정 자녀,3
2017,동대문구,초등학교,국제결혼가정 자녀,314
2017,동대문구,초등학교,외국인가정 자녀,71
2017,동대문구,중학교,국제결혼가정 자녀,75
2017,동대문구,중학교,외국인가정 자녀,23
2017,동대문구,고등학교,국제결혼가정 자녀,40
2017,동대문구,고등학교,외국인가정 자녀,7
2018,동대문구,초등학교,국제결혼가정 자녀,334
2018,동대문구,초등학교,외국인가정 자녀,104
2018,동대문구,중학교,국제결혼가정 자녀,85
2018,동대문구,중학교,외국인가정 자녀,29
2018,동대문구,고등학교,국제결혼가정 자녀,39
2018,동대문구,고등학교,외국인가정 자녀,24
2019,동대문구,초등학교,국제결혼가정 자녀,370
2019,동대문구,초등학교,외국인가정 자녀,120
2019,동대문구,중학교,국제결혼가정 자녀,82
2019,동대문구,중학교,외국인가정 자녀,34
2019,동대문구,고등학교,국제결혼가정 자녀,52
2019,동대문구,고등학교,외국인가정 자녀,14
2020,동대문구,초등학교,국제결혼가정 자녀,374
2020,동대문구,초등학교,외국인가정 자녀,143
2020,동대문구,중학교,국제결혼가정 자녀,87
2020,동대문구,중학교,외국인가정 자녀,38
2020,동대문구,고등학교,국제결혼가정 자녀,54
2020,동대문구,고등학교,외국인가정 자녀,11
2021,동대문구,초등학교,국제결혼가정 자녀,357
2021,동대문구,초등학교,외국인가정 자녀,139
2021,동대문구,중학교,국제결혼가정 자녀,117
2021,동대문구,중학교,외국인가정 자녀,43
2021,동대문구,고등학교,국제결혼가정 자녀,65
2021,동대문구,고등학교,외국인가정 자녀,23
2022,동대문구,초등학교,국제결혼가정 자녀,338
2022,동대문구,초등학교,외국인가정 자녀,127
2022,동대문구,중학교,국제결혼가정 자녀,142
2022,동대문구,중학교,외국인가정 자녀,40
2022,동대문구,고등학교,국제결혼가정 자녀,56
2022,동대문구,고등학교,외국인가정 자녀,27
2023,동대문구,초등학교,국제결혼가정 자녀,349
2023,동대문구,초등학교,외국인가정 자녀,158
2023,동대문구,중학교,국제결혼가정 자녀,153
2023,동대문구,중학교,외국인가정 자녀,43
2023,동대문구,고등학교,국제결혼가정 자녀,56
2023,동대문구,고등학교,외국인가정 자녀,25
2013,동작구,초등학교,국제결혼가정 자녀,173
2013,동작구,초등학교,외국인가정 자녀,39
2013,동작구,중학교,국제결혼가정 자녀,41
2013,동작구,중학교,외국인가정 자녀,10
2013,동작구,고등학교,국제결혼가정 자녀,14
2013,동작구,고등학교,외국인가정 자녀,2
2014,동작구,초등학교,국제결혼가정 자녀,185
2014,동작구,초등학교,외국인가정 자녀,39
2014,동작구,중학교,국제결혼가정 자녀,46
2014,동작구,중학교,외국인가정 자녀,14
2014,동작구,고등학교,국제결혼가정 자녀,13
2015,동작구,초등학교,국제결혼가정 자녀,199
2015,동작구,초등학교,외국인가정 자녀,77
2015,동작구,중학교,국제결혼가정 자녀,58
2015,동작구,중학교,외국인가정 자녀,9
2015,동작구,고등학교,국제결혼가정 자녀,10
2016,동작구,초등학교,국제결혼가정 자녀,229
2016,동작구,초등학교,외국인가정 자녀,97
2016,동작구,중학교,국제결혼가정 자녀,49
2016,동작구,중학교,외국인가정 자녀,17
2016,동작구,고등학교,국제결혼가정 자녀,20
2016,동작구,고등학교,외국인가정 자녀,4
2017,동작구,초등학교,국제결혼가정 자녀,282
2017,동작구,초등학교,외국인가정 자녀,102
2017,동작구,중학교,국제결혼가정 자녀,52
2017,동작구,중학교,외국인가정 자녀,9
2017,동작구,고등학교,국제결혼가정 자녀,26
2017,동작구,고등학교,외국인가정 자녀,15
2018,동작구,초등학교,국제결혼가정 자녀,297
2018,동작구,초등학교,외국인가정 자녀,127
2018,동작구,중학교,국제결혼가정 자녀,51
2018,동작구,중학교,외국인가정 자녀,17
2018,동작구,고등학교,국제결혼가정 자녀,38
2018,동작구,고등학교,외국인가정 자녀,9
2019,동작구,초등학교,국제결혼가정 자녀,311
2019,동작구,초등학교,외국인가정 자녀,160
2019,동작구,중학교,국제결혼가정 자녀,69
2019,동작구,중학교,외국인가정 자녀,23
2019,동작구,고등학교,국제결혼가정 자녀,34
2019,동작구,고등학교,외국인가정 자녀,9
2020,동작구,초등학교,국제결혼가정 자녀,308
2020,동작구,초등학교,외국인가정 자녀,181
2020,동작구,중학교,국제결혼가정 자녀,76
2020,동작구,중학교,외국인가정 자녀,37
2020,동작구,고등학교,국제결혼가정 자녀,43
2020,동작구,고등학교,외국인가정 자녀,8
2021,동작구,초등학교,국제결혼가정 자녀,312
2021,동작구,초등학교,외국인가정 자녀,156
2021,동작구,중학교,국제결혼가정 자녀,92
2021,동작구,중학교,외국인가정 자녀,37
2021,동작구,고등학교,국제결혼가정 자녀,47
2021,동작구,고등학교,외국인가정 자녀,10
2022,동작구,초등학교,국제결혼가정 자녀,339
2022,동작구,초등학교,외국인가정 자녀,145
2022,동작구,중학교,국제결혼가정 자녀,98
2022,동작구,중학교,외국인가정 자녀,30
2022,동작구,고등학교,국제결혼가정 자녀,42
2022,동작구,고등학교,외국인가정 자녀,11
2023,동작구,초등학교,국제결혼가정 자녀,281
2023,동작구,초등학교,외국인가정 자녀,188
2023,동작구,중학교,국제결혼가정 자녀,108
2023,동작구,중학교,외국인가정 자녀,33
2023,동작구,고등학교,국제결혼가정 자녀,40
2023,동작구,고등학교,외국인가정 자녀,14
2013,마포구,초등학교,국제결혼가정 자녀,182
2013,마포구,초등학교,외국인가정 자녀,20
2013,마포구,중학교,국제결혼가정 자녀,38
2013,마포구,중학교,외국인가정 자녀,4
2013,마포구,고등학교,국제결혼가정 자녀,17
2013,마포구,고등학교,외국인가정 자녀,6
2014,마포구,초등학교,국제결혼가정 자녀,195
2014,마포구,초등학교,외국인가정 자녀,25
2014,마포구,중학교,국제결혼가정 자녀,43
2014,마포구,중학교,외국인가정 자녀,4
2014,마포구,고등학교,국제결혼가정 자녀,22
2015,마포구,초등학교,국제결혼가정 자녀,228
2015,마포구,초등학교,외국인가정 자녀,36
2015,마포구,중학교,국제결혼가정 자녀,48
2015,마포구,중학교,외국인가정 자녀,10
2015,마포구,고등학교,국제결혼가정 자녀,28
2015,마포구,고등학교,외국인가정 자녀,5
2016,마포구,초등학교,국제결혼가정 자녀,240
2016,마포구,초등학교,외국인가정 자녀,87
2016,마포구,중학교,국제결혼가정 자녀,62
2016,마포구,중학교,외국인가정 자녀,23
2016,마포구,고등학교,국제결혼가정 자녀,31
2016,마포구,고등학교,외국인가정 자녀,3
2017,마포구,초등학교,국제결혼가정 자녀,267
2017,마포구,초등학교,외국인가정 자녀,40
2017,마포구,중학교,국제결혼가정 자녀,63
2017,마포구,중학교,외국인가정 자녀,7
2017,마포구,고등학교,국제결혼가정 자녀,27
2017,마포구,고등학교,외국인가정 자녀,1
2018,마포구,초등학교,국제결혼가정 자녀,262
2018,마포구,초등학교,외국인가정 자녀,32
2018,마포구,중학교,국제결혼가정 자녀,59
2018,마포구,중학교,외국인가정 자녀,6
2018,마포구,고등학교,국제결혼가정 자녀,21
2018,마포구,고등학교,외국인가정 자녀,9
2019,마포구,초등학교,국제결혼가정 자녀,261
2019,마포구,초등학교,외국인가정 자녀,40
2019,마포구,중학교,국제결혼가정 자녀,68
2019,마포구,중학교,외국인가정 자녀,11
2019,마포구,고등학교,국제결혼가정 자녀,26
2019,마포구,고등학교,외국인가정 자녀,12
2020,마포구,초등학교,국제결혼가정 자녀,241
2020,마포구,초등학교,외국인가정 자녀,37
2020,마포구,중학교,국제결혼가정 자녀,71
2020,마포구,중학교,외국인가정 자녀,9
2020,마포구,고등학교,국제결혼가정 자녀,36
2020,마포구,고등학교,외국인가정 자녀,9
2021,마포구,초등학교,국제결혼가정 자녀,247
2021,마포구,초등학교,외국인가정 자녀,38
2021,마포구,중학교,국제결혼가정 자녀,81
2021,마포구,중학교,외국인가정 자녀,17
2021,마포구,고등학교,국제결혼가정 자녀,40
2021,마포구,고등학교,외국인가정 자녀,14
2022,마포구,초등학교,국제결혼가정 자녀,246
2022,마포구,초등학교,외국인가정 자녀,32
2022,마포구,중학교,국제결혼가정 자녀,97
2022,마포구,중학교,외국인가정 자녀,17
2022,마포구,고등학교,국제결혼가정 자녀,38
2022,마포구,고등학교,외국인가정 자녀,14
2023,마포구,초등학교,국제결혼가정 자녀,264
2023,마포구,초등학교,외국인가정 자녀,38
2023,마포구,중학교,국제결혼가정 자녀,91
2023,마포구,중학교,외국인가정 자녀,16
2023,마포구,고등학교,국제결혼가정 자녀,56
2023,마포구,고등학교,외국인가정 자녀,10
2013,서대문구,초등학교,국제결혼가정 자녀,148
2013,서대문구,초등학교,외국인가정 자녀,24
2013,서대문구,중학교,국제결혼가정 자녀,57
2013,서대문구,중학교,외국인가정 자녀,10
2013,서대문구,고등학교,국제결혼가정 자녀,14
2013,서대문구,고등학교,외국인가정 자녀,2
2014,서대문구,초등학교,국제결혼가정 자녀,164
2014,서대문구,초등학교,외국인가정 자녀,19
2014,서대문구,중학교,국제결혼가정 자녀,63
2014,서대문구,중학교,외국인가정 자녀,8
2014,서대문구,고등학교,국제결혼가정 자녀,17
2014,서대문구,고등학교,외국인가정 자녀,1
2015,서대문구,초등학교,국제결혼가정 자녀,195
2015,서대문구,초등학교,외국인가정 자녀,32
2015,서대문구,중학교,국제결혼가정 자녀,55
2015,서대문구,중학교,외국인가정 자녀,23
2015,서대문구,고등학교,국제결혼가정 자녀,13
2015,서대문구,고등학교,외국인가정 자녀,4
2016,서대문구,초등학교,국제결혼가정 자녀,205
2016,서대문구,초등학교,외국인가정 자녀,38
2016,서대문구,중학교,국제결혼가정 자녀,60
2016,서대문구,중학교,외국인가정 자녀,21
2016,서대문구,고등학교,국제결혼가정 자녀,17
2016,서대문구,고등학교,외국인가정 자녀,8
2017,서대문구,초등학교,국제결혼가정 자녀,220
2017,서대문구,초등학교,외국인가정 자녀,33
2017,서대문구,중학교,국제결혼가정 자녀,75
2017,서대문구,중학교,외국인가정 자녀,12
2017,서대문구,고등학교,국제결혼가정 자녀,17
2017,서대문구,고등학교,외국인가정 자녀,8
2018,서대문구,초등학교,국제결혼가정 자녀,232
2018,서대문구,초등학교,외국인가정 자녀,37
2018,서대문구,중학교,국제결혼가정 자녀,75
2018,서대문구,중학교,외국인가정 자녀,14
2018,서대문구,고등학교,국제결혼가정 자녀,15
2018,서대문구,고등학교,외국인가정 자녀,3
2019,서대문구,초등학교,국제결혼가정 자녀,267
2019,서대문구,초등학교,외국인가정 자녀,39
2019,서대문구,중학교,국제결혼가정 자녀,74
2019,서대문구,중학교,외국인가정 자녀,18
2019,서대문구,고등학교,국제결혼가정 자녀,24
2019,서대문구,고등학교,외국인가정 자녀,8
2020,서대문구,초등학교,국제결혼가정 자녀,246
2020,서대문구,초등학교,외국인가정 자녀,41
2020,서대문구,중학교,국제결혼가정 자녀,80
2020,서대문구,중학교,외국인가정 자녀,11
2020,서대문구,고등학교,국제결혼가정 자녀,27
2020,서대문구,고등학교,외국인가정 자녀,5
2021,서대문구,초등학교,국제결혼가정 자녀,276
2021,서대문구,초등학교,외국인가정 자녀,36
2021,서대문구,중학교,국제결혼가정 자녀,87
2021,서대문구,중학교,외국인가정 자녀,12
2021,서대문구,고등학교,국제결혼가정 자녀,31
2021,서대문구,고등학교,외국인가정 자녀,9
2022,서대문구,초등학교,국제결혼가정 자녀,281
2022,서대문구,초등학교,외국인가정 자녀,32
2022,서대문구,중학교,국제결혼가정 자녀,97
2022,서대문구,중학교,외국인가정 자녀,15
2022,서대문구,고등학교,국제결혼가정 자녀,35
2022,서대문구,고등학교,외국인가정 자녀,7
2023,서대문구,초등학교,국제결혼가정 자녀,266
2023,서대문구,초등학교,외국인가정 자녀,34
2023,서대문구,중학교,국제결혼가정 자녀,90
2023,서대문구,중학교,외국인가정 자녀,17
2023,서대문구,고등학교,국제결혼가정 자녀,39
2023,서대문구,고등학교,외국인가정 자녀,6
2013,서초구,초등학교,국제결혼가정 자녀,71
2013,서초구,초등학교,외국인가정 자녀,22
2013,서초구,중학교,국제결혼가정 자녀,17
2013,서초구,중학교,외국인가정 자녀,4
2013,서초구,고등학교,국제결혼가정 자녀,11
2013,서초구,고등학교,외국인가정 자녀,5
2014,서초구,초등학교,국제결혼가정 자녀,96
2014,서초구,초등학교,외국인가정 자녀,7
2014,서초구,중학교,국제결혼가정 자녀,27
2014,서초구,중학교,외국인가정 자녀,2
2014,서초구,고등학교,국제결혼가정 자녀,17
2014,서초구,고등학교,외국인가정 자녀,6
2015,서초구,초등학교,국제결혼가정 자녀,98
2015,서초구,초등학교,외국인가정 자녀,9
2015,서초구,중학교,국제결혼가정 자녀,20
2015,서초구,중학교,외국인가정 자녀,4
2015,서초구,고등학교,국제결혼가정 자녀,20
2015,서초구,고등학교,외국인가정 자녀,6
2016,서초구,초등학교,국제결혼가정 자녀,109
2016,서초구,초등학교,외국인가정 자녀,12
2016,서초구,중학교,국제결혼가정 자녀,30
2016,서초구,중학교,외국인가정 자녀,3
2016,서초구,고등학교,국제결혼가정 자녀,28
2016,서초구,고등학교,외국인가정 자녀,7
2017,서초구,초등학교,국제결혼가정 자녀,132
2017,서초구,초등학교,외국인가정 자녀,8
2017,서초구,중학교,국제결혼가정 자녀,32
2017,서초구,중학교,외국인가정 자녀,2
2017,서초구,고등학교,국제결혼가정 자녀,26
2017,서초구,고등학교,외국인가정 자녀,3
2018,서초구,초등학교,국제결혼가정 자녀,155
2018,서초구,초등학교,외국인가정 자녀,10
2018,서초구,중학교,국제결혼가정 자녀,27
2018,서초구,중학교,외국인가정 자녀,3
2018,서초구,고등학교,국제결혼가정 자녀,23
2019,서초구,초등학교,국제결혼가정 자녀,153
2019,서초구,초등학교,외국인가정 자녀,13
2019,서초구,중학교,국제결혼가정 자녀,32
2019,서초구,중학교,외국인가정 자녀,4
2019,서초구,고등학교,국제결혼가정 자녀,20
2019,서초구,고등학교,외국인가정 자녀,3
2020,서초구,초등학교,국제결혼가정 자녀,156
2020,서초구,초등학교,외국인가정 자녀,20
2020,서초구,중학교,국제결혼가정 자녀,39
2020,서초구,중학교,외국인가정 자녀,7
2020,서초구,고등학교,국제결혼가정 자녀,26
2020,서초구,고등학교,외국인가정 자녀,3
2021,서초구,초등학교,국제결혼가정 자녀,151
2021,서초구,초등학교,외국인가정 자녀,15
2021,서초구,중학교,국제결혼가정 자녀,39
2021,서초구,중학교,외국인가정 자녀,4
2021,서초구,고등학교,국제결혼가정 자녀,32
2021,서초구,고등학교,외국인가정 자녀,1
2022,서초구,초등학교,국제결혼가정 자녀,154
2022,서초구,초등학교,외국인가정 자녀,14
2022,서초구,중학교,국제결혼가정 자녀,52
2022,서초구,중학교,외국인가정 자녀,4
2022,서초구,고등학교,국제결혼가정 자녀,25
2022,서초구,고등학교,외국인가정 자녀,7
2023,서초구,초등학교,국제결혼가정 자녀,160
2023,서초구,초등학교,외국인가정 자녀,15
2023,서초구,중학교,국제결혼가정 자녀,53
2023,서초구,중학교,외국인가정 자녀,1
2023,서초구,고등학교,국제결혼가정 자녀,15
2023,서초구,고등학교,외국인가정 자녀,5
2013,성동구,초등학교,국제결혼가정 자녀,205
2013,성동구,초등학교,외국인가정 자녀,39
2013,성동구,중학교,국제결혼가정 자녀,42
2013,성동구,중학교,외국인가정 자녀,3
2013,성동구,고등학교,국제결혼가정 자녀,17
2013,성동구,고등학교,외국인가정 자녀,6
2014,성동구,초등학교,국제결혼가정 자녀,246
2014,성동구,초등학교,외국인가정 자녀,37
2014,성동구,중학교,국제결혼가정 자녀,39
2014,성동구,중학교,외국인가정 자녀,3
2014,성동구,고등학교,국제결혼가정 자녀,33
2014,성동구,고등학교,외국인가정 자녀,3
2015,성동구,초등학교,국제결혼가정 자녀,274
2015,성동구,초등학교,외국인가정 자녀,51
2015,성동구,중학교,국제결혼가정 자녀,35
2015,성동구,중학교,외국인가정 자녀,9
2015,성동구,고등학교,국제결혼가정 자녀,34
2015,성동구,고등학교,외국인가정 자녀,7
2016,성동구,초등학교,국제결혼가정 자녀,308
2016,성동구,초등학교,외국인가정 자녀,66
2016,성동구,중학교,국제결혼가정 자녀,46
2016,성동구,중학교,외국인가정 자녀,12
2016,성동구,고등학교,국제결혼가정 자녀,41
2016,성동구,고등학교,외국인가정 자녀,2
2017,성동구,초등학교,국제결혼가정 자녀,335
2017,성동구,초등학교,외국인가정 자녀,57
2017,성동구,중학교,국제결혼가정 자녀,70
2017,성동구,중학교,외국인가정 자녀,17
2017,성동구,고등학교,국제결혼가정 자녀,33
2017,성동구,고등학교,외국인가정 자녀,2
2018,성동구,초등학교,국제결혼가정 자녀,322
2018,성동구,초등학교,외국인가정 자녀,95
2018,성동구,중학교,국제결혼가정 자녀,82
2018,성동구,중학교,외국인가정 자녀,27
2018,성동구,고등학교,국제결혼가정 자녀,28
2018,성동구,고등학교,외국인가정 자녀,7
2019,성동구,초등학교,국제결혼가정 자녀,370
2019,성동구,초등학교,외국인가정 자녀,100
2019,성동구,중학교,국제결혼가정 자녀,88
2019,성동구,중학교,외국인가정 자녀,30
2019,성동구,고등학교,국제결혼가정 자녀,25
2019,성동구,고등학교,외국인가정 자녀,10
2020,성동구,초등학교,국제결혼가정 자녀,345
2020,성동구,초등학교,외국인가정 자녀,98
2020,성동구,중학교,국제결혼가정 자녀,91
2020,성동구,중학교,외국인가정 자녀,33
2020,성동구,고등학교,국제결혼가정 자녀,30
2020,성동구,고등학교,외국인가정 자녀,8
2021,성동구,초등학교,국제결혼가정 자녀,333
2021,성동구,초등학교,외국인가정 자녀,116
2021,성동구,중학교,국제결혼가정 자녀,100
2021,성동구,중학교,외국인가정 자녀,30
2021,성동구,고등학교,국제결혼가정 자녀,33
2021,성동구,고등학교,외국인가정 자녀,9
2022,성동구,초등학교,국제결혼가정 자녀,315
2022,성동구,초등학교,외국인가정 자녀,124
2022,성동구,중학교,국제결혼가정 자녀,107
2022,성동구,중학교,외국인가정 자녀,28
2022,성동구,고등학교,국제결혼가정 자녀,41
2022,성동구,고등학교,외국인가정 자녀,6
2023,성동구,초등학교,국제결혼가정 자녀,298
2023,성동구,초등학교,외국인가정 자녀,130
2023,성동구,중학교,국제결혼가정 자녀,111
2023,성동구,중학교,외국인가정 자녀,43
2023,성동구,고등학교,국제결혼가정 자녀,42
2023,성동구,고등학교,외국인가정 자녀,15
2013,성북구,초등학교,국제결혼가정 자녀,222
2013,성북구,초등학교,외국인가정 자녀,39
2013,성북구,중학교,국제결혼가정 자녀,49
2013,성북구,중학교,외국인가정 자녀,12
2013,성북구,고등학교,국제결혼가정 자녀,26
2013,성북구,고등학교,외국인가정 자녀,4
2014,성북구,초등학교,국제결혼가정 자녀,267
2014,성북구,초등학교,외국인가정 자녀,20
2014,성북구,중학교,국제결혼가정 자녀,55
2014,성북구,중학교,외국인가정 자녀,8
2014,성북구,고등학교,국제결혼가정 자녀,35
2014,성북구,고등학교,외국인가정 자녀,5
2015,성북구,초등학교,국제결혼가정 자녀,305
2015,성북구,초등학교,외국인가정 자녀,49
2015,성북구,중학교,국제결혼가정 자녀,57
2015,성북구,중학교,외국인가정 자녀,9
2015,성북구,고등학교,국제결혼가정 자녀,32
2015,성북구,고등학교,외국인가정 자녀,5
2016,성북구,초등학교,국제결혼가정 자녀,351
2016,성북구,초등학교,외국인가정 자녀,46
2016,성북구,중학교,국제결혼가정 자녀,61
2016,성북구,중학교,외국인가정 자녀,13
2016,성북구,고등학교,국제결혼가정 자녀,38
2016,성북구,고등학교,외국인가정 자녀,12
2017,성북구,초등학교,국제결혼가정 자녀,373
2017,성북구,초등학교,외국인가정 자녀,57
2017,성북구,중학교,국제결혼가정 자녀,76
2017,성북구,중학교,외국인가정 자녀,11
2017,성북구,고등학교,국제결혼가정 자녀,26
2017,성북구,고등학교,외국인가정 자녀,13
2018,성북구,초등학교,국제결혼가정 자녀,394
2018,성북구,초등학교,외국인가정 자녀,62
2018,성북구,중학교,국제결혼가정 자녀,87
2018,성북구,중학교,외국인가정 자녀,18
2018,성북구,고등학교,국제결혼가정 자녀,35
2018,성북구,고등학교,외국인가정 자녀,8
2019,성북구,초등학교,국제결혼가정 자녀,410
2019,성북구,초등학교,외국인가정 자녀,84
2019,성북구,중학교,국제결혼가정 자녀,111
2019,성북구,중학교,외국인가정 자녀,17
2019,성북구,고등학교,국제결혼가정 자녀,35
2019,성북구,고등학교,외국인가정 자녀,6
2020,성북구,초등학교,국제결혼가정 자녀,397
2020,성북구,초등학교,외국인가정 자녀,101
2020,성북구,중학교,국제결혼가정 자녀,129
2020,성북구,중학교,외국인가정 자녀,26
2020,성북구,고등학교,국제결혼가정 자녀,47
2020,성북구,고등학교,외국인가정 자녀,8
2021,성북구,초등학교,국제결혼가정 자녀,458
2021,성북구,초등학교,외국인가정 자녀,106
2021,성북구,중학교,국제결혼가정 자녀,145
2021,성북구,중학교,외국인가정 자녀,32
2021,성북구,고등학교,국제결혼가정 자녀,54
2021,성북구,고등학교,외국인가정 자녀,9
2022,성북구,초등학교,국제결혼가정 자녀,435
2022,성북구,초등학교,외국인가정 자녀,95
2022,성북구,중학교,국제결혼가정 자녀,155
2022,성북구,중학교,외국인가정 자녀,27
2022,성북구,고등학교,국제결혼가정 자녀,55
2022,성북구,고등학교,외국인가정 자녀,13
2023,성북구,초등학교,국제결혼가정 자녀,428
2023,성북구,초등학교,외국인가정 자녀,114
2023,성북구,중학교,국제결혼가정 자녀,132
2023,성북구,중학교,외국인가정 자녀,23
2023,성북구,고등학교,국제결혼가정 자녀,67
2023,성북구,고등학교,외국인가정 자녀,22
2013,송파구,초등학교,국제결혼가정 자녀,215
2013,송파구,초등학교,외국인가정 자녀,28
2013,송파구,중학교,국제결혼가정 자녀,48
2013,송파구,중학교,외국인가정 자녀,10
2013,송파구,고등학교,국제결혼가정 자녀,15
2013,송파구,고등학교,외국인가정 자녀,3
2014,송파구,초등학교,국제결혼가정 자녀,251
2014,송파구,초등학교,외국인가정 자녀,18
2014,송파구,중학교,국제결혼가정 자녀,68
2014,송파구,중학교,외국인가정 자녀,3
2014,송파구,고등학교,국제결혼가정 자녀,22
2014,송파구,고등학교,외국인가정 자녀,3
2015,송파구,초등학교,국제결혼가정 자녀,266
2015,송파구,초등학교,외국인가정 자녀,31
2015,송파구,중학교,국제결혼가정 자녀,70
2015,송파구,중학교,외국인가정 자녀,8
2015,송파구,고등학교,국제결혼가정 자녀,29
2015,송파구,고등학교,외국인가정 자녀,2
2016,송파구,초등학교,국제결혼가정 자녀,305
2016,송파구,초등학교,외국인가정 자녀,66
2016,송파구,중학교,국제결혼가정 자녀,71
2016,송파구,중학교,외국인가정 자녀,10
2016,송파구,고등학교,국제결혼가정 자녀,48
2016,송파구,고등학교,외국인가정 자녀,8
2017,송파구,초등학교,국제결혼가정 자녀,327
2017,송파구,초등학교,외국인가정 자녀,60
2017,송파구,중학교,국제결혼가정 자녀,73
2017,송파구,중학교,외국인가정 자녀,13
2017,송파구,고등학교,국제결혼가정 자녀,55
2017,송파구,고등학교,외국인가정 자녀,2
2018,송파구,초등학교,국제결혼가정 자녀,341
2018,송파구,초등학교,외국인가정 자녀,76
2018,송파구,중학교,국제결혼가정 자녀,84
2018,송파구,중학교,외국인가정 자녀,11
2018,송파구,고등학교,국제결혼가정 자녀,28
2018,송파구,고등학교,외국인가정 자녀,4
2019,송파구,초등학교,국제결혼가정 자녀,386
2019,송파구,초등학교,외국인가정 자녀,93
2019,송파구,중학교,국제결혼가정 자녀,94
2019,송파구,중학교,외국인가정 자녀,15
2019,송파구,고등학교,국제결혼가정 자녀,26
2019,송파구,고등학교,외국인가정 자녀,1
2020,송파구,초등학교,국제결혼가정 자녀,387
2020,송파구,초등학교,외국인가정 자녀,110
2020,송파구,중학교,국제결혼가정 자녀,102
2020,송파구,중학교,외국인가정 자녀,17
2020,송파구,고등학교,국제결혼가정 자녀,38
2020,송파구,고등학교,외국인가정 자녀,5
2021,송파구,초등학교,국제결혼가정 자녀,380
2021,송파구,초등학교,외국인가정 자녀,112
2021,송파구,중학교,국제결혼가정 자녀,120
2021,송파구,중학교,외국인가정 자녀,24
2021,송파구,고등학교,국제결혼가정 자녀,67
2021,송파구,고등학교,외국인가정 자녀,7
2022,송파구,초등학교,국제결혼가정 자녀,414
2022,송파구,초등학교,외국인가정 자녀,91
2022,송파구,중학교,국제결혼가정 자녀,145
2022,송파구,중학교,외국인가정 자녀,30
2022,송파구,고등학교,국제결혼가정 자녀,60
2022,송파구,고등학교,외국인가정 자녀,9
2023,송파구,초등학교,국제결혼가정 자녀,396
2023,송파구,초등학교,외국인가정 자녀,121
2023,송파구,중학교,국제결혼가정 자녀,159
2023,송파구,중학교,외국인가정 자녀,30
2023,송파구,고등학교,국제결혼가정 자녀,56
2023,송파구,고등학교,외국인가정 자녀,13
2013,양천구,초등학교,국제결혼가정 자녀,227
2013,양천구,초등학교,외국인가정 자녀,25
2013,양천구,중학교,국제결혼가정 자녀,89
2013,양천구,중학교,외국인가정 자녀,2
2013,양천구,고등학교,국제결혼가정 자녀,28
2013,양천구,고등학교,외국인가정 자녀,1
2014,양천구,초등학교,국제결혼가정 자녀,239
2014,양천구,초등학교,외국인가정 자녀,20
2014,양천구,중학교,국제결혼가정 자녀,112
2014,양천구,중학교,외국인가정 자녀,2
2014,양천구,고등학교,국제결혼가정 자녀,26
2014,양천구,고등학교,외국인가정 자녀,3
2015,양천구,초등학교,국제결혼가정 자녀,309
2015,양천구,초등학교,외국인가정 자녀,25
2015,양천구,중학교,국제결혼가정 자녀,98
2015,양천구,중학교,외국인가정 자녀,8
2015,양천구,고등학교,국제결혼가정 자녀,25
2015,양천구,고등학교,외국인가정 자녀,5
2016,양천구,초등학교,국제결혼가정 자녀,347
2016,양천구,초등학교,외국인가정 자녀,29
2016,양천구,중학교,국제결혼가정 자녀,83
2016,양천구,중학교,외국인가정 자녀,26
2016,양천구,고등학교,국제결혼가정 자녀,37
2016,양천구,고등학교,외국인가정 자녀,2
2017,양천구,초등학교,국제결혼가정 자녀,365
2017,양천구,초등학교,외국인가정 자녀,25
2017,양천구,중학교,국제결혼가정 자녀,105
2017,양천구,중학교,외국인가정 자녀,9
2017,양천구,고등학교,국제결혼가정 자녀,51
2017,양천구,고등학교,외국인가정 자녀,6
2018,양천구,초등학교,국제결혼가정 자녀,395
2018,양천구,초등학교,외국인가정 자녀,33
2018,양천구,중학교,국제결혼가정 자녀,104
2018,양천구,중학교,외국인가정 자녀,12
2018,양천구,고등학교,국제결혼가정 자녀,59
2018,양천구,고등학교,외국인가정 자녀,6
2019,양천구,초등학교,국제결혼가정 자녀,395
2019,양천구,초등학교,외국인가정 자녀,49
2019,양천구,중학교,국제결혼가정 자녀,127
2019,양천구,중학교,외국인가정 자녀,21
2019,양천구,고등학교,국제결혼가정 자녀,68
2019,양천구,고등학교,외국인가정 자녀,10
2020,양천구,초등학교,국제결혼가정 자녀,377
2020,양천구,초등학교,외국인가정 자녀,57
2020,양천구,중학교,국제결혼가정 자녀,130
2020,양천구,중학교,외국인가정 자녀,21
2020,양천구,고등학교,국제결혼가정 자녀,53
2020,양천구,고등학교,외국인가정 자녀,6
2021,양천구,초등학교,국제결혼가정 자녀,380
2021,양천구,초등학교,외국인가정 자녀,62
2021,양천구,중학교,국제결혼가정 자녀,198
2021,양천구,중학교,외국인가정 자녀,16
2021,양천구,고등학교,국제결혼가정 자녀,67
2021,양천구,고등학교,외국인가정 자녀,10
2022,양천구,초등학교,국제결혼가정 자녀,367
2022,양천구,초등학교,외국인가정 자녀,51
2022,양천구,중학교,국제결혼가정 자녀,181
2022,양천구,중학교,외국인가정 자녀,21
2022,양천구,고등학교,국제결혼가정 자녀,75
2022,양천구,고등학교,외국인가정 자녀,14
2023,양천구,초등학교,국제결혼가정 자녀,344
2023,양천구,초등학교,외국인가정 자녀,60
2023,양천구,중학교,국제결혼가정 자녀,205
2023,양천구,중학교,외국인가정 자녀,25
2023,양천구,고등학교,국제결혼가정 자녀,79
2023,양천구,고등학교,외국인가정 자녀,15
2013,영등포구,초등학교,국제결혼가정 자녀,299
2013,영등포구,초등학교,외국인가정 자녀,195
2013,영등포구,중학교,국제결혼가정 자녀,87
2013,영등포구,중학교,외국인가정 자녀,29
2013,영등포구,고등학교,국제결혼가정 자녀,16
2013,영등포구,고등학교,외국인가정 자녀,8
2014,영등포구,초등학교,국제결혼가정 자녀,382
2014,영등포구,초등학교,외국인가정 자녀,244
2014,영등포구,중학교,국제결혼가정 자녀,77
2014,영등포구,중학교,외국인가정 자녀,40
2014,영등포구,고등학교,국제결혼가정 자녀,27
2014,영등포구,고등학교,외국인가정 자녀,4
2015,영등포구,초등학교,국제결혼가정 자녀,421
2015,영등포구,초등학교,외국인가정 자녀,387
2015,영등포구,중학교,국제결혼가정 자녀,90
2015,영등포구,중학교,외국인가정 자녀,64
2015,영등포구,고등학교,국제결혼가정 자녀,22
2015,영등포구,고등학교,외국인가정 자녀,5
2016,영등포구,초등학교,국제결혼가정 자녀,496
2016,영등포구,초등학교,외국인가정 자녀,506
2016,영등포구,중학교,국제결혼가정 자녀,113
2016,영등포구,중학교,외국인가정 자녀,80
2016,영등포구,고등학교,국제결혼가정 자녀,32
2016,영등포구,고등학교,외국인가정 자녀,9
2017,영등포구,초등학교,국제결혼가정 자녀,513
2017,영등포구,초등학교,외국인가정 자녀,626
2017,영등포구,중학교,국제결혼가정 자녀,134
2017,영등포구,중학교,외국인가정 자녀,105
2017,영등포구,고등학교,국제결혼가정 자녀,36
2017,영등포구,고등학교,외국인가정 자녀,13
2018,영등포구,초등학교,국제결혼가정 자녀,502
2018,영등포구,초등학교,외국인가정 자녀,682
2018,영등포구,중학교,국제결혼가정 자녀,112
2018,영등포구,중학교,외국인가정 자녀,166
2018,영등포구,고등학교,국제결혼가정 자녀,33
2018,영등포구,고등학교,외국인가정 자녀,18
2019,영등포구,초등학교,국제결혼가정 자녀,519
2019,영등포구,초등학교,외국인가정 자녀,803
2019,영등포구,중학교,국제결혼가정 자녀,138
2019,영등포구,중학교,외국인가정 자녀,193
2019,영등포구,고등학교,국제결혼가정 자녀,41
2019,영등포구,고등학교,외국인가정 자녀,26
2020,영등포구,초등학교,국제결혼가정 자녀,421
2020,영등포구,초등학교,외국인가정 자녀,818
2020,영등포구,중학교,국제결혼가정 자녀,133
2020,영등포구,중학교,외국인가정 자녀,243
2020,영등포구,고등학교,국제결혼가정 자녀,41
2020,영등포구,고등학교,외국인가정 자녀,37
2021,영등포구,초등학교,국제결혼가정 자녀,391
2021,영등포구,초등학교,외국인가정 자녀,797
2021,영등포구,중학교,국제결혼가정 자녀,113
2021,영등포구,중학교,외국인가정 자녀,256
2021,영등포구,고등학교,국제결혼가정 자녀,51
2021,영등포구,고등학교,외국인가정 자녀,46
2022,영등포구,초등학교,국제결혼가정 자녀,352
2022,영등포구,초등학교,외국인가정 자녀,781
2022,영등포구,중학교,국제결혼가정 자녀,110
2022,영등포구,중학교,외국인가정 자녀,255
2022,영등포구,고등학교,국제결혼가정 자녀,59
2022,영등포구,고등학교,외국인가정 자녀,50
2023,영등포구,초등학교,국제결혼가정 자녀,355
2023,영등포구,초등학교,외국인가정 자녀,855
2023,영등포구,중학교,국제결혼가정 자녀,89
2023,영등포구,중학교,외국인가정 자녀,303
2023,영등포구,고등학교,국제결혼가정 자녀,56
2023,영등포구,고등학교,외국인가정 자녀,75
2013,용산구,초등학교,국제결혼가정 자녀,188
2013,용산구,초등학교,외국인가정 자녀,88
2013,용산구,중학교,국제결혼가정 자녀,63
2013,용산구,중학교,외국인가정 자녀,15
2013,용산구,고등학교,국제결혼가정 자녀,22
2013,용산구,고등학교,외국인가정 자녀,5
2014,용산구,초등학교,국제결혼가정 자녀,225
2014,용산구,초등학교,외국인가정 자녀,93
2014,용산구,중학교,국제결혼가정 자녀,77
2014,용산구,중학교,외국인가정 자녀,17
2014,용산구,고등학교,국제결혼가정 자녀,38
2014,용산구,고등학교,외국인가정 자녀,7
2015,용산구,초등학교,국제결혼가정 자녀,193
2015,용산구,초등학교,외국인가정 자녀,116
2015,용산구,중학교,국제결혼가정 자녀,86
2015,용산구,중학교,외국인가정 자녀,32
2015,용산구,고등학교,국제결혼가정 자녀,51
2015,용산구,고등학교,외국인가정 자녀,12
2016,용산구,초등학교,국제결혼가정 자녀,234
2016,용산구,초등학교,외국인가정 자녀,147
2016,용산구,중학교,국제결혼가정 자녀,79
2016,용산구,중학교,외국인가정 자녀,36
2016,용산구,고등학교,국제결혼가정 자녀,55
2016,용산구,고등학교,외국인가정 자녀,28
2017,용산구,초등학교,국제결혼가정 자녀,261
2017,용산구,초등학교,외국인가정 자녀,127
2017,용산구,중학교,국제결혼가정 자녀,72
2017,용산구,중학교,외국인가정 자녀,38
2017,용산구,고등학교,국제결혼가정 자녀,61
2017,용산구,고등학교,외국인가정 자녀,17
2018,용산구,초등학교,국제결혼가정 자녀,264
2018,용산구,초등학교,외국인가정 자녀,132
2018,용산구,중학교,국제결혼가정 자녀,89
2018,용산구,중학교,외국인가정 자녀,28
2018,용산구,고등학교,국제결혼가정 자녀,65
2018,용산구,고등학교,외국인가정 자녀,12
2019,용산구,초등학교,국제결혼가정 자녀,259
2019,용산구,초등학교,외국인가정 자녀,131
2019,용산구,중학교,국제결혼가정 자녀,93
2019,용산구,중학교,외국인가정 자녀,59
2019,용산구,고등학교,국제결혼가정 자녀,69
2019,용산구,고등학교,외국인가정 자녀,18
2020,용산구,초등학교,국제결혼가정 자녀,268
2020,용산구,초등학교,외국인가정 자녀,139
2020,용산구,중학교,국제결혼가정 자녀,88
2020,용산구,중학교,외국인가정 자녀,55
2020,용산구,고등학교,국제결혼가정 자녀,56
2020,용산구,고등학교,외국인가정 자녀,20
2021,용산구,초등학교,국제결혼가정 자녀,255
2021,용산구,초등학교,외국인가정 자녀,147
2021,용산구,중학교,국제결혼가정 자녀,87
2021,용산구,중학교,외국인가정 자녀,46
2021,용산구,고등학교,국제결혼가정 자녀,62
2021,용산구,고등학교,외국인가정 자녀,24
2022,용산구,초등학교,국제결혼가정 자녀,254
2022,용산구,초등학교,외국인가정 자녀,154
2022,용산구,중학교,국제결혼가정 자녀,106
2022,용산구,중학교,외국인가정 자녀,33
2022,용산구,고등학교,국제결혼가정 자녀,57
2022,용산구,고등학교,외국인가정 자녀,22
2023,용산구,초등학교,국제결혼가정 자녀,216
2023,용산구,초등학교,외국인가정 자녀,185
2023,용산구,중학교,국제결혼가정 자녀,102
2023,용산구,중학교,외국인가정 자녀,40
2023,용산구,고등학교,국제결혼가정 자녀,71
2023,용산구,고등학교,외국인가정 자녀,21
2013,은평구,초등학교,국제결혼가정 자녀,270
2013,은평구,초등학교,외국인가정 자녀,27
2013,은평구,중학교,국제결혼가정 자녀,109
2013,은평구,중학교,외국인가정 자녀,40
2013,은평구,고등학교,국제결혼가정 자녀,37
2013,은평구,고등학교,외국인가정 자녀,2
2014,은평구,초등학교,국제결혼가정 자녀,323
2014,은평구,초등학교,외국인가정 자녀,6
2014,은평구,중학교,국제결혼가정 자녀,120
2014,은평구,중학교,외국인가정 자녀,38
2014,은평구,고등학교,국제결혼가정 자녀,122
2014,은평구,고등학교,외국인가정 자녀,73
2015,은평구,초등학교,국제결혼가정 자녀,375
2015,은평구,초등학교,외국인가정 자녀,18
2015,은평구,중학교,국제결혼가정 자녀,119
2015,은평구,중학교,외국인가정 자녀,60
2015,은평구,고등학교,국제결혼가정 자녀,125
2015,은평구,고등학교,외국인가정 자녀,25
2016,은평구,초등학교,국제결혼가정 자녀,442
2016,은평구,초등학교,외국인가정 자녀,50
2016,은평구,중학교,국제결혼가정 자녀,100
2016,은평구,중학교,외국인가정 자녀,72
2016,은평구,고등학교,국제결혼가정 자녀,101
2016,은평구,고등학교,외국인가정 자녀,63
2017,은평구,초등학교,국제결혼가정 자녀,500
2017,은평구,초등학교,외국인가정 자녀,38
2017,은평구,중학교,국제결혼가정 자녀,105
2017,은평구,중학교,외국인가정 자녀,80
2017,은평구,고등학교,국제결혼가정 자녀,133
2017,은평구,고등학교,외국인가정 자녀,72
2018,은평구,초등학교,국제결혼가정 자녀,547
2018,은평구,초등학교,외국인가정 자녀,24
2018,은평구,중학교,국제결혼가정 자녀,127
2018,은평구,중학교,외국인가정 자녀,53
2018,은평구,고등학교,국제결혼가정 자녀,82
2018,은평구,고등학교,외국인가정 자녀,11
2019,은평구,초등학교,국제결혼가정 자녀,580
2019,은평구,초등학교,외국인가정 자녀,46
2019,은평구,중학교,국제결혼가정 자녀,153
2019,은평구,중학교,외국인가정 자녀,44
2019,은평구,고등학교,국제결혼가정 자녀,98
2019,은평구,고등학교,외국인가정 자녀,68
2020,은평구,초등학교,국제결혼가정 자녀,565
2020,은평구,초등학교,외국인가정 자녀,51
2020,은평구,중학교,국제결혼가정 자녀,143
2020,은평구,중학교,외국인가정 자녀,45
2020,은평구,고등학교,국제결혼가정 자녀,113
2020,은평구,고등학교,외국인가정 자녀,79
2021,은평구,초등학교,국제결혼가정 자녀,555
2021,은평구,초등학교,외국인가정 자녀,52
2021,은평구,중학교,국제결혼가정 자녀,189
2021,은평구,중학교,외국인가정 자녀,40
2021,은평구,고등학교,국제결혼가정 자녀,106
2021,은평구,고등학교,외국인가정 자녀,62
2022,은평구,초등학교,국제결혼가정 자녀,545
2022,은평구,초등학교,외국인가정 자녀,45
2022,은평구,중학교,국제결혼가정 자녀,180
2022,은평구,중학교,외국인가정 자녀,43
2022,은평구,고등학교,국제결혼가정 자녀,102
2022,은평구,고등학교,외국인가정 자녀,47
2023,은평구,초등학교,국제결혼가정 자녀,499
2023,은평구,초등학교,외국인가정 자녀,48
2023,은평구,중학교,국제결혼가정 자녀,207
2023,은평구,중학교,외국인가정 자녀,46
2023,은평구,고등학교,국제결혼가정 자녀,108
2023,은평구,고등학교,외국인가정 자녀,43
2013,종로구,초등학교,국제결혼가정 자녀,83
2013,종로구,초등학교,외국인가정 자녀,27
2013,종로구,중학교,국제결혼가정 자녀,31
2013,종로구,중학교,외국인가정 자녀,3
2013,종로구,고등학교,국제결혼가정 자녀,18
2013,종로구,고등학교,외국인가정 자녀,3
2014,종로구,초등학교,국제결혼가정 자녀,91
2014,종로구,초등학교,외국인가정 자녀,29
2014,종로구,중학교,국제결혼가정 자녀,38
2014,종로구,중학교,외국인가정 자녀,3
2014,종로구,고등학교,국제결혼가정 자녀,21
2014,종로구,고등학교,외국인가정 자녀,1
2015,종로구,초등학교,국제결혼가정 자녀,97
2015,종로구,초등학교,외국인가정 자녀,36
2015,종로구,중학교,국제결혼가정 자녀,40
2015,종로구,중학교,외국인가정 자녀,14
2015,종로구,고등학교,국제결혼가정 자녀,39
2015,종로구,고등학교,외국인가정 자녀,7
2016,종로구,초등학교,국제결혼가정 자녀,127
2016,종로구,초등학교,외국인가정 자녀,54
2016,종로구,중학교,국제결혼가정 자녀,24
2016,종로구,중학교,외국인가정 자녀,10
2016,종로구,고등학교,국제결혼가정 자녀,51
2016,종로구,고등학교,외국인가정 자녀,7
2017,종로구,초등학교,국제결혼가정 자녀,118
2017,종로구,초등학교,외국인가정 자녀,31
2017,종로구,중학교,국제결혼가정 자녀,34
2017,종로구,중학교,외국인가정 자녀,9
2017,종로구,고등학교,국제결혼가정 자녀,56
2017,종로구,고등학교,외국인가정 자녀,10
2018,종로구,초등학교,국제결혼가정 자녀,124
2018,종로구,초등학교,외국인가정 자녀,37
2018,종로구,중학교,국제결혼가정 자녀,34
2018,종로구,중학교,외국인가정 자녀,13
2018,종로구,고등학교,국제결혼가정 자녀,57
2018,종로구,고등학교,외국인가정 자녀,10
2019,종로구,초등학교,국제결혼가정 자녀,133
2019,종로구,초등학교,외국인가정 자녀,38
2019,종로구,중학교,국제결혼가정 자녀,35
2019,종로구,중학교,외국인가정 자녀,15
2019,종로구,고등학교,국제결혼가정 자녀,38
2019,종로구,고등학교,외국인가정 자녀,8
2020,종로구,초등학교,국제결혼가정 자녀,133
2020,종로구,초등학교,외국인가정 자녀,29
2020,종로구,중학교,국제결혼가정 자녀,49
2020,종로구,중학교,외국인가정 자녀,16
2020,종로구,고등학교,국제결혼가정 자녀,45
2020,종로구,고등학교,외국인가정 자녀,14
2021,종로구,초등학교,국제결혼가정 자녀,115
2021,종로구,초등학교,외국인가정 자녀,42
2021,종로구,중학교,국제결혼가정 자녀,55
2021,종로구,중학교,외국인가정 자녀,17
2021,종로구,고등학교,국제결혼가정 자녀,57
2021,종로구,고등학교,외국인가정 자녀,18
2022,종로구,초등학교,국제결혼가정 자녀,117
2022,종로구,초등학교,외국인가정 자녀,46
2022,종로구,중학교,국제결혼가정 자녀,67
2022,종로구,중학교,외국인가정 자녀,5
2022,종로구,고등학교,국제결혼가정 자녀,65
2022,종로구,고등학교,외국인가정 자녀,19
2023,종로구,초등학교,국제결혼가정 자녀,117
2023,종로구,초등학교,외국인가정 자녀,45
2023,종로구,중학교,국제결혼가정 자녀,56
2023,종로구,중학교,외국인가정 자녀,13
2023,종로구,고등학교,국제결혼가정 자녀,83
2023,종로구,고등학교,외국인가정 자녀,16
2013,중구,초등학교,국제결혼가정 자녀,111
2013,중구,초등학교,외국인가정 자녀,18
2013,중구,중학교,국제결혼가정 자녀,25
2013,중구,중학교,외국인가정 자녀,10
2013,중구,고등학교,국제결혼가정 자녀,25
2013,중구,고등학교,외국인가정 자녀,13
2014,중구,초등학교,국제결혼가정 자녀,140
2014,중구,초등학교,외국인가정 자녀,32
2014,중구,중학교,국제결혼가정 자녀,24
2014,중구,중학교,외국인가정 자녀,13
2014,중구,고등학교,국제결혼가정 자녀,32
2014,중구,고등학교,외국인가정 자녀,9
2015,중구,초등학교,국제결혼가정 자녀,142
2015,중구,초등학교,외국인가정 자녀,63
2015,중구,중학교,국제결혼가정 자녀,31
2015,중구,중학교,외국인가정 자녀,21
2015,중구,고등학교,국제결혼가정 자녀,32
2015,중구,고등학교,외국인가정 자녀,7
2016,중구,초등학교,국제결혼가정 자녀,156
2016,중구,초등학교,외국인가정 자녀,92
2016,중구,중학교,국제결혼가정 자녀,19
2016,중구,중학교,외국인가정 자녀,13
2016,중구,고등학교,국제결혼가정 자녀,43
2016,중구,고등학교,외국인가정 자녀,14
2017,중구,초등학교,국제결혼가정 자녀,178
2017,중구,초등학교,외국인가정 자녀,103
2017,중구,중학교,국제결혼가정 자녀,36
2017,중구,중학교,외국인가정 자녀,9
2017,중구,고등학교,국제결혼가정 자녀,53
2017,중구,고등학교,외국인가정 자녀,3
2018,중구,초등학교,국제결혼가정 자녀,159
2018,중구,초등학교,외국인가정 자녀,106
2018,중구,중학교,국제결혼가정 자녀,42
2018,중구,중학교,외국인가정 자녀,23
2018,중구,고등학교,국제결혼가정 자녀,57
2018,중구,고등학교,외국인가정 자녀,7
2019,중구,초등학교,국제결혼가정 자녀,167
2019,중구,초등학교,외국인가정 자녀,92
2019,중구,중학교,국제결혼가정 자녀,54
2019,중구,중학교,외국인가정 자녀,28
2019,중구,고등학교,국제결혼가정 자녀,67
2019,중구,고등학교,외국인가정 자녀,15
2020,중구,초등학교,국제결혼가정 자녀,156
2020,중구,초등학교,외국인가정 자녀,99
2020,중구,중학교,국제결혼가정 자녀,54
2020,중구,중학교,외국인가정 자녀,30
2020,중구,고등학교,국제결혼가정 자녀,70
2020,중구,고등학교,외국인가정 자녀,33
2021,중구,초등학교,국제결혼가정 자녀,151
2021,중구,초등학교,외국인가정 자녀,94
2021,중구,중학교,국제결혼가정 자녀,53
2021,중구,중학교,외국인가정 자녀,25
2021,중구,고등학교,국제결혼가정 자녀,77
2021,중구,고등학교,외국인가정 자녀,27
2022,중구,초등학교,국제결혼가정 자녀,142
2022,중구,초등학교,외국인가정 자녀,127
2022,중구,중학교,국제결혼가정 자녀,50
2022,중구,중학교,외국인가정 자녀,22
2022,중구,고등학교,국제결혼가정 자녀,58
2022,중구,고등학교,외국인가정 자녀,41
2023,중구,초등학교,국제결혼가정 자녀,136
2023,중구,초등학교,외국인가정 자녀,138
2023,중구,중학교,국제결혼가정 자녀,38
2023,중구,중학교,외국인가정 자녀,33
2023,중구,고등학교,국제결혼가정 자녀,65
2023,중구,고등학교,외국인가정 자녀,49
2013,중랑구,초등학교,국제결혼가정 자녀,245
2013,중랑구,초등학교,외국인가정 자녀,10
2013,중랑구,중학교,국제결혼가정 자녀,56
2013,중랑구,중학교,외국인가정 자녀,1
2013,중랑구,고등학교,국제결혼가정 자녀,22
2013,중랑구,고등학교,외국인가정 자녀,3
2014,중랑구,초등학교,국제결혼가정 자녀,268
2014,중랑구,초등학교,외국인가정 자녀,17
2014,중랑구,중학교,국제결혼가정 자녀,73
2014,중랑구,중학교,외국인가정 자녀,2
2014,중랑구,고등학교,국제결혼가정 자녀,15
2014,중랑구,고등학교,외국인가정 자녀,3
2015,중랑구,초등학교,국제결혼가정 자녀,322
2015,중랑구,초등학교,외국인가정 자녀,32
2015,중랑구,중학교,국제결혼가정 자녀,78
2015,중랑구,중학교,외국인가정 자녀,5
2015,중랑구,고등학교,국제결혼가정 자녀,21
2015,중랑구,고등학교,외국인가정 자녀,3
2016,중랑구,초등학교,국제결혼가정 자녀,349
2016,중랑구,초등학교,외국인가정 자녀,63
2016,중랑구,중학교,국제결혼가정 자녀,61
2016,중랑구,중학교,외국인가정 자녀,11
2016,중랑구,고등학교,국제결혼가정 자녀,25
2016,중랑구,고등학교,외국인가정 자녀,5
2017,중랑구,초등학교,국제결혼가정 자녀,403
2017,중랑구,초등학교,외국인가정 자녀,60
2017,중랑구,중학교,국제결혼가정 자녀,81
2017,중랑구,중학교,외국인가정 자녀,18
2017,중랑구,고등학교,국제결혼가정 자녀,30
2017,중랑구,고등학교,외국인가정 자녀,1
2018,중랑구,초등학교,국제결혼가정 자녀,469
2018,중랑구,초등학교,외국인가정 자녀,85
2018,중랑구,중학교,국제결혼가정 자녀,84
2018,중랑구,중학교,외국인가정 자녀,11
2018,중랑구,고등학교,국제결혼가정 자녀,22
2018,중랑구,고등학교,외국인가정 자녀,5
2019,중랑구,초등학교,국제결혼가정 자녀,473
2019,중랑구,초등학교,외국인가정 자녀,121
2019,중랑구,중학교,국제결혼가정 자녀,94
2019,중랑구,중학교,외국인가정 자녀,25
2019,중랑구,고등학교,국제결혼가정 자녀,29
2019,중랑구,고등학교,외국인가정 자녀,9
2020,중랑구,초등학교,국제결혼가정 자녀,441
2020,중랑구,초등학교,외국인가정 자녀,155
2020,중랑구,중학교,국제결혼가정 자녀,98
2020,중랑구,중학교,외국인가정 자녀,27
2020,중랑구,고등학교,국제결혼가정 자녀,31
2020,중랑구,고등학교,외국인가정 자녀,11
2021,중랑구,초등학교,국제결혼가정 자녀,431
2021,중랑구,초등학교,외국인가정 자녀,161
2021,중랑구,중학교,국제결혼가정 자녀,139
2021,중랑구,중학교,외국인가정 자녀,37
2021,중랑구,고등학교,국제결혼가정 자녀,39
2021,중랑구,고등학교,외국인가정 자녀,10
2022,중랑구,초등학교,국제결혼가정 자녀,418
2022,중랑구,초등학교,외국인가정 자녀,155
2022,중랑구,중학교,국제결혼가정 자녀,130
2022,중랑구,중학교,외국인가정 자녀,54
2022,중랑구,고등학교,국제결혼가정 자녀,39
2022,중랑구,고등학교,외국인가정 자녀,6
2023,중랑구,초등학교,국제결혼가정 자녀,389
2023,중랑구,초등학교,외국인가정 자녀,184
2023,중랑구,중학교,국제결혼가정 자녀,150
2023,중랑구,중학교,외국인가정 자녀,69
2023,중랑구,고등학교,국제결혼가정 자녀,52
2023,중랑구,고등학교,외국인가정 자녀,14
